http://www.reddit.com/r/EarthPorn/comments/1vzseb/this_is_the_closest_ive_ever_been_to_visiting_a/	https://en.wikipedia.org/wiki/Barrientos_Island	Barrientos Island	Antarctica
http://www.reddit.com/r/EarthPorn/comments/1jhz62/highest_peak_in_northern_america_mount_mckinley/	https://en.wikipedia.org/wiki/Mount_McKinley	Mount McKinley	Alaska, USA
http://www.reddit.com/r/EarthPorn/comments/1xlhl3/the_lake_district_7360_x_4805_oc/	https://en.wikipedia.org/wiki/Lake_District	The Lake District	England
http://www.reddit.com/r/EarthPorn/comments/1vxhuj/o_canada_banff_national_park_alberta_oc_2048_1365/	https://en.wikipedia.org/wiki/Banff_National_Park	Banff National Park	Alberta, Canada
http://www.reddit.com/r/EarthPorn/comments/1x7wh1/fresh_snow_on_mt_hood_oregon_oc1500x1000/	https://en.wikipedia.org/wiki/Mount_Hood	Mount Hood	Oregon, USA
http://www.reddit.com/r/EarthPorn/comments/1rmxy1/summer_is_coming_cathedral_cove_new_zealand/	https://en.wikipedia.org/wiki/Te_Whanganui-A-Hei_(Cathedral_Cove)_Marine_Reserve	Cathedral Cove	New Zealand
http://www.reddit.com/r/EarthPorn/comments/11pqkj/waking_up_at_4am_and_freezing_my_ass_off_in/	https://en.wikipedia.org/wiki/Yosemite_Valley	Yosemite Valley	California, USA
http://www.reddit.com/r/EarthPorn/comments/1bk1s0/how_to_get_40000_karma_move_to_new_zealand_and/	https://en.wikipedia.org/wiki/Arrowtown	Arrowtown	New Zealand
http://www.reddit.com/r/EarthPorn/comments/1wgqx9/mt_rainier_wa_as_day_turns_to_night_os_oc_1920/	https://en.wikipedia.org/wiki/Mount_Rainier	Mount Rainier	Washington, USA
http://www.reddit.com/r/EarthPorn/comments/1ihxwb/lone_tree_in_washingtons_palouse_region/	https://en.wikipedia.org/wiki/Palouse	Palouse	Washington, USA
http://www.reddit.com/r/EarthPorn/comments/1u8l46/everyone_thinks_its_tile_but_its_actually_an/	https://en.wikipedia.org/wiki/Great_Plains	The Great Plains	Nebraska, USA
http://www.reddit.com/r/EarthPorn/comments/1vrjdo/the_enchantments_wa_3264x2448oc/	https://en.wikipedia.org/wiki/The_Enchantments	The Enchantments	Washington, USA
http://www.reddit.com/r/EarthPorn/comments/1upmoq/cannon_beach_taken_from_ecola_point_on_oregons/	https://en.wikipedia.org/wiki/Cannon_Beach,_Oregon	Cannon Beach	Oregon, USA
http://www.reddit.com/r/EarthPorn/comments/1xph0p/secluded_tropic_paradise_accessible_only_by_sea/	https://en.wikipedia.org/wiki/Togian_Islands	Togian Islands	Indonesia
http://www.reddit.com/r/EarthPorn/comments/1mdzvm/this_is_lake_louise_3473x2307_oc/	https://en.wikipedia.org/wiki/Lake_Louise,_Alberta	Lake Lousie	Alberta, Canada
http://www.reddit.com/r/EarthPorn/comments/1r0hmq/i_was_suggested_to_post_this_here_this_is_the/	https://en.wikipedia.org/wiki/Skye	Isle of Skye	Scotland
http://www.reddit.com/r/EarthPorn/comments/1b1d77/on_the_other_side_of_the_world_at_the_end_of_the/	https://en.wikipedia.org/wiki/New_Zealand	Somewhere in	New Zealand
http://www.reddit.com/r/EarthPorn/comments/1fc917/sunrise_over_the_superstition_mountains_in/	https://en.wikipedia.org/wiki/Superstition_Mountains	Superstition Mountains	Arizona, USA
http://www.reddit.com/r/EarthPorn/comments/1t8gf2/unique_ice_formations_at_abiqua_falls_oregon_oc/	https://en.wikipedia.org/wiki/Abiqua_Creek	Abiqua Falls	Oregon, USA
http://www.reddit.com/r/EarthPorn/comments/1tlt7b/winter_in_sweet_grass_hills_montana_oc_4200_x_2800/	https://en.wikipedia.org/wiki/Sweet_Grass_Hills	Sweet Grass Hills	Montana, USA
http://www.reddit.com/r/EarthPorn/comments/1smfj4/shores_of_lake_wakatipu_queenstown_new_zealand/	https://en.wikipedia.org/wiki/Lake_Wakatipu	Lake Wakatipu	New Zealand
http://www.reddit.com/r/EarthPorn/comments/1jrwox/lagos_portugal_4608x3072_oc/	https://en.wikipedia.org/wiki/Lagos,_Portugal	Lagos	Portugal
http://www.reddit.com/r/EarthPorn/comments/12x1cz/iceland_is_green_1600x1050oc/	https://en.wikipedia.org/wiki/Iceland	Somewhere in	Iceland
http://www.reddit.com/r/EarthPorn/comments/1cbomb/milford_sound_new_zealand_2710x1795_oc/	https://en.wikipedia.org/wiki/Milford_Sound	Milford Sound	New Zealand
http://www.reddit.com/r/EarthPorn/comments/1nadf1/a_rainy_day_in_milford_sound_2880x1928_oc/	https://en.wikipedia.org/wiki/Milford_Sound	Milford Sound	New Zealand
http://www.reddit.com/r/EarthPorn/comments/1khg2i/some_say_auckland_new_zealand_has_more_than_300/	https://en.wikipedia.org/wiki/Te_Henga_(Bethells_Beach)	Bethells Beach	New Zealand
http://www.reddit.com/r/EarthPorn/comments/1tzks3/yesterday_evening_at_beautiful_crater_lake_oregon/	https://en.wikipedia.org/wiki/Crater_Lake	Crater Lake	Oregon, USA
http://www.reddit.com/r/EarthPorn/comments/1pzp8w/autumn_in_prospect_park_brooklyn_ny_2000x1333_oc/	https://en.wikipedia.org/wiki/Prospect_Park_(Brooklyn)	Prospect Park	New York, USA
http://www.reddit.com/r/EarthPorn/comments/1hv1gy/sunrise_in_annapurna_mountain_nepal_2000x1333oc/	https://en.wikipedia.org/wiki/Annapurna	Annapurna Range	Nepal
http://www.reddit.com/r/EarthPorn/comments/1mp3kt/krka_national_park_croatia_2000_667oc/	https://en.wikipedia.org/wiki/Krka_National_Park	Krka National Park	Croatia
http://www.reddit.com/r/EarthPorn/comments/1bnqwt/pfeiffer_beach_in_big_sur_california_oc2000x1295/	https://en.wikipedia.org/wiki/Pfeiffer_Big_Sur_State_Park	Pfeiffer Beach	California, USA
http://www.reddit.com/r/EarthPorn/comments/1mrr0d/storm_brewing_over_tasman_glacier_and_novara_peak/	https://en.wikipedia.org/wiki/Tasman_Glacier	Tasman Glacier	New Zealand
http://www.reddit.com/r/EarthPorn/comments/1hoq2m/i_stopped_to_sit_on_a_rock_to_have_a_snack_this/	https://en.wikipedia.org/wiki/El_Chalt%C3%A9n	El Chalten	Argentina
http://www.reddit.com/r/EarthPorn/comments/1r4o1t/the_northern_end_of_the_southern_alps_kaikoura/	https://en.wikipedia.org/wiki/Kaikoura_Ranges	Kaikoura Ranges	New Zealand
http://www.reddit.com/r/EarthPorn/comments/1b5btj/driving_home_in_new_zealand_i_saw_this_across_the/	https://en.wikipedia.org/wiki/Glenorchy,_New_Zealand	Glenorchy	New Zealand
http://www.reddit.com/r/EarthPorn/comments/15w8ng/autumn_awesomeness_scotland_1630x1080oc/	https://en.wikipedia.org/wiki/Glen_Coe	Glen Coe	Scotland
http://www.reddit.com/r/EarthPorn/comments/19ucmt/oc_the_great_australian_bight_australia_2519x1679/	https://en.wikipedia.org/wiki/Great_Australian_Bight	The Great Australian Bight	Australia
http://www.reddit.com/r/EarthPorn/comments/12ebkb/sunset_as_seen_from_cecil_rhodes_grave_in_the/	https://en.wikipedia.org/wiki/Matobo_National_Park	Matapos	Zimbabwe
http://www.reddit.com/r/EarthPorn/comments/u5r8t/mordor_in_another_light_tongariro_national_park/	https://en.wikipedia.org/wiki/Tongariro_National_Park	Tongariro National Park (Mordor)	New Zealand
http://www.reddit.com/r/EarthPorn/comments/195w6d/i_think_they_filmed_lost_here_oc_3000x1726/	https://en.wikipedia.org/wiki/Oahu	Oahu	Hawaii, USA